{"cameraMode":{"drawMode":0,"name":"Shaded","section":"Shading Mode"},"sceneLighting":true,"audioPlay":false,"sceneViewState":{"m_AlwaysRefresh":false,"showFog":true,"showSkybox":true,"showFlares":true,"showImageEffects":true,"showParticleSystems":true,"showVisualEffectGraphs":true,"m_FxEnabled":true},"in2DMode":false,"pivot":{"x":28.239755630493165,"y":55.72705841064453,"z":-7.983551025390625},"rotation":{"x":-0.0049417889676988129,"y":-0.9824380874633789,"z":0.18486973643302918,"w":-0.02622780203819275},"size":32.85106658935547,"orthographic":true}