{"cameraMode":{"drawMode":0,"name":"Shaded","section":"Shading Mode"},"sceneLighting":true,"audioPlay":false,"sceneViewState":{"m_AlwaysRefresh":false,"showFog":true,"showSkybox":true,"showFlares":true,"showImageEffects":true,"showParticleSystems":true,"showVisualEffectGraphs":true,"m_FxEnabled":true},"in2DMode":false,"pivot":{"x":-10.710997581481934,"y":1.6584105491638184,"z":-3.875324249267578},"rotation":{"x":-0.010499761439859867,"y":-0.002999830525368452,"z":-0.00003149938129354268,"w":0.9999404549598694},"size":113.74110412597656,"orthographic":true}